,loss,loss,accuracy,accuracy,precision,precision,recall,recall,f1,f1
,train,valid,train,valid,train,valid,train,valid,train,valid
epoch-1,0.0525373216893497,0.03749969036491411,0.934375,0.9871638141809291,0.9734375,0.9954156479217608,0.934375,0.9871638141809291,0.9378639069264068,0.9868312060969461
